State,WHITESPACE,*,+,-,/,%,^,+=,-=,++,--,<,<=,>,>=,=,==,!=,||,&&,~,main,id,num,string,character,int,char,float,double,void,cin,cout,while,for,if,else,break,return,[,],{,},(,),",",;,<<<,>>>,>>,<<,$
0,,,,,,,,,,,,,,,,,,,,,,s3,,,,,,,,,,,,,,,,,,,,,,,,,,,,,,
1,,,,,,,,,,,,,,,,,,,,,,,,,,,,,,,,,,,,,,,,,,,,,,,,,,,,r0
2,,,,,,,,,,,,,,,,,,,,,,,,,,,s7,s8,s9,s10,s6,,,,,,,,,,,,,,,,,,,,,r177
3,,,,,,,,,,,,,,,,,,,,,,,,,,,,,,,,,,,,,,,,,,,,s11,,,,,,,,
4,,,,,,,,,,,,,,,,,,,,,,,,,,,,,,,,,,,,,,,,,,,,,,,,,,,,r1
5,,,,,,,,,,,,,,,,,,,,,,,s13,,,,,,,,,,,,,,,,,,,,,,,,,,,,,
6,,,,,,,,,,,,,,,,,,,,,,,s13,,,,,,,,,,,,,,,,,,,,,,,,,,,,,
7,,,,,,,,,,,,,,,,,,,,,,,r18,,,,,,,,,,,,,,,,,,,,,,r18,r18,,,,,,
8,,,,,,,,,,,,,,,,,,,,,,,r19,,,,,,,,,,,,,,,,,,,,,,r19,r19,,,,,,
9,,,,,,,,,,,,,,,,,,,,,,,r20,,,,,,,,,,,,,,,,,,,,,,r20,r20,,,,,,
10,,,,,,,,,,,,,,,,,,,,,,,r21,,,,,,,,,,,,,,,,,,,,,,r21,r21,,,,,,
11,,,,,,,,,,,,,,,,,,,,,,,,,,,,,,,,,,,,,,,,,,,,,s15,,,,,,,
12,,,,,,,,,,,,,,,,,,,,,,,,,,,,,,,,,,,,,,,,,,s17,,,,,,,,,,
13,,,,,,,,,,,,,,,,,,,,,,,,,,,,,,,,,,,,,,,,,,,,s18,,,,,,,,
14,,,,,,,,,,,,,,,,,,,,,,,,,,,,,,,,,,,,,,,,,,s17,,,,,,,,,,
15,,,,,,,,,,,,,,,,,,,,,,,,,,,,,,,,,,,,,,,,,,s20,,,,,,,,,,
16,,,,,,,,,,,,,,,,,,,,,,,,,,,s7,s8,s9,s10,s6,,,,,,,,,,,,,,,,,,,,,r177
17,,,,,,,,,,s47,s48,,,,,,,,,,,,s33,,,,s7,s8,s9,s10,s46,s43,s44,s36,s42,s49,,s38,s39,,,s17,r123,,,,,,,,,
18,,,,,,,,,,,,,,,,,,,,,,,,,,,s7,s8,s9,s10,s51,,,,,,,,,,,,,,,,,,,,,
19,,,,,,,,,,,,,,,,,,,,,,,,,,,s7,s8,s9,s10,s6,,,,,,,,,,,,,,,,,,,,,r177
20,,,,,,,,,,s47,s48,,,,,,,,,,,,s33,,,,s7,s8,s9,s10,s46,s43,s44,s36,s42,s49,,s38,s39,,,s17,r13,,,,,,,,,
21,,,,,,,,,,,,,,,,,,,,,,,,,,,,,,,,,,,,,,,,,,,,,,,,,,,,r175
22,,,,,,,,,,,,,,,,,,,,,,,,,,,,,,,,,,,,,,,,,,,s66,,,,,,,,,
23,,,,,,,,,,s47,s48,,,,,,,,,,,,s33,,,,s7,s8,s9,s10,s46,s43,s44,s36,s42,s49,,s38,s39,,,s17,r123,,,,,,,,,
24,,,,,,,,,,s47,s48,,,,,,,,,,,,s33,,,,s7,s8,s9,s10,s46,s43,s44,s36,s42,s49,,s38,s39,,,s17,r123,,,,,,,,,
25,,,,,,,,,,s47,s48,,,,,,,,,,,,s33,,,,s7,s8,s9,s10,s46,s43,s44,s36,s42,s49,,s38,s39,,,s17,r123,,,,,,,,,
26,,,,,,,,,,s47,s48,,,,,,,,,,,,s33,,,,s7,s8,s9,s10,s46,s43,s44,s36,s42,s49,,s38,s39,,,s17,r123,,,,,,,,,
27,,,,,,,,,,s47,s48,,,,,,,,,,,,s33,,,,s7,s8,s9,s10,s46,s43,s44,s36,s42,s49,,s38,s39,,,s17,r123,,,,,,,,,
28,,,,,,,,,,s47,s48,,,,,,,,,,,,s33,,,,s7,s8,s9,s10,s46,s43,s44,s36,s42,s49,,s38,s39,,,s17,r123,,,,,,,,,
29,,,,,,,,,,s47,s48,,,,,,,,,,,,s33,,,,s7,s8,s9,s10,s46,s43,s44,s36,s42,s49,,s38,s39,,,s17,r123,,,,,,,,,
30,,,,,,,,,,s47,s48,,,,,,,,,,,,s33,,,,s7,s8,s9,s10,s46,s43,s44,s36,s42,s49,,s38,s39,,,s17,r123,,,,,,,,,
31,,,,,,,,,,s47,s48,,,,,,,,,,,,s33,,,,s7,s8,s9,s10,s46,s43,s44,s36,s42,s49,,s38,s39,,,s17,r123,,,,,,,,,
32,,,,,,,,,,,,,,,,,,,,,,,,,,,,,,,,,,,,,,,,,,,,,,,s76,,,,,
33,,,,,,,,s82,s81,s77,s78,,,,,s80,,,,,,,,,,,,,,,,,,,,,,,,s79,,,,,,,,,,,,
34,,,,,,,,,,r77,r77,,,,,,,,,,,,r77,,,,r77,r77,r77,r77,r77,r77,r77,r77,r77,r77,r77,r77,r77,,,r77,r77,,,,,,,,,
35,,,,,,,,,,r14,r14,,,,,,,,,,,,r14,,,,r14,r14,r14,r14,r14,r14,r14,r14,r14,r14,r14,r14,r14,,,r14,r14,,,,,,,,,
36,,,,,,,,,,,,,,,,,,,,,,,,,,,,,,,,,,,,,,,,,,,,s83,,,,,,,,
37,,,,,,,,,,,,,,,,,,,,,,,,,,,,,,,,,,,,,,,,,,,,,,,s84,,,,,
38,,,,,,,,,,,,,,,,,,,,,,,,,,,,,,,,,,,,,,,,,,,,,,,s85,,,,,
39,,,,s94,,,,,,s95,s96,,,,,,,,,,,,s97,s99,s88,s89,,,,,,,,,,,,,,,,,,s101,,,,,,,,
40,,,,,,,,,,r135,r135,,,,,,,,,,,,r135,,,,r135,r135,r135,r135,r135,r135,r135,r135,r135,r135,r135,r135,r135,,,r135,r135,,,,,,,,,
41,,,,,,,,,,r136,r136,,,,,,,,,,,,r136,,,,r136,r136,r136,r136,r136,r136,r136,r136,r136,r136,r136,r136,r136,,,r136,r136,,,,,,,,,
42,,,,,,,,,,,,,,,,,,,,,,,,,,,,,,,,,,,,,,,,,,,,s102,,,,,,,,
43,,,,,,,,,,,,,,,,,,,,,,,,,,,,,,,,,,,,,,,,,,,,,,,s105,,,s104,,
44,,,,,,,,,,,,,,,,,,,,,,,,,,,,,,,,,,,,,,,,,,,,,,,s108,,,,s107,
45,,,,,,,,,,,,,,,,,,,,,,,s111,,,,,,,,,,,,,,,,,,,,,,,,,,,,,
46,,,,,,,,,,,,,,,,,,,,,,,s113,,,,,,,,,,,,,,,,,,,,,,,,,,,,,
47,,,,,,,,,,,,,,,,,,,,,,,s114,,,,,,,,,,,,,,,,,,,,,,,,,,,,,
48,,,,,,,,,,,,,,,,,,,,,,,s115,,,,,,,,,,,,,,,,,,,,,,,,,,,,,
49,,,,,,,,,,,,,,,,,,,,,,,,,,,,,,,,,,,,,,,,,,,,s116,,,,,,,,
50,,,,,,,,,,,,,,,,,,,,,,,,,,,,,,,,,,,,,,,,,,r178,,,,,,,,,,
51,,,,,,,,,,,,,,,,,,,,,,,,,,,,,,,,,,,,,,,,,,,,,s117,,,,,,,
52,,,,,,,,,,,,,,,,,,,,,,,s118,,,,,,,,,,,,,,,,,,,,,,,,,,,,,
53,,,,,,,,,,,,,,,,,,,,,,,,,,,,,,,,,,,,,,,,,,,,,,,,,,,,r176
54,,,,,,,,,,,,,,,,,,,,,,,,,,,,,,,,,,,,,,,,,,,s119,,,,,,,,,
55,,,,,,,,,,,,,,,,,,,,,,,,,,,,,,,,,,,,,,,,,,,r3,,,,,,,,,
56,,,,,,,,,,s47,s48,,,,,,,,,,,,s33,,,,s7,s8,s9,s10,s46,s43,s44,s36,s42,s49,,s38,s39,,,s17,r13,,,,,,,,,
57,,,,,,,,,,s47,s48,,,,,,,,,,,,s33,,,,s7,s8,s9,s10,s46,s43,s44,s36,s42,s49,,s38,s39,,,s17,r13,,,,,,,,,
58,,,,,,,,,,s47,s48,,,,,,,,,,,,s33,,,,s7,s8,s9,s10,s46,s43,s44,s36,s42,s49,,s38,s39,,,s17,r13,,,,,,,,,
59,,,,,,,,,,s47,s48,,,,,,,,,,,,s33,,,,s7,s8,s9,s10,s46,s43,s44,s36,s42,s49,,s38,s39,,,s17,r13,,,,,,,,,
60,,,,,,,,,,s47,s48,,,,,,,,,,,,s33,,,,s7,s8,s9,s10,s46,s43,s44,s36,s42,s49,,s38,s39,,,s17,r13,,,,,,,,,
61,,,,,,,,,,s47,s48,,,,,,,,,,,,s33,,,,s7,s8,s9,s10,s46,s43,s44,s36,s42,s49,,s38,s39,,,s17,r13,,,,,,,,,
62,,,,,,,,,,s47,s48,,,,,,,,,,,,s33,,,,s7,s8,s9,s10,s46,s43,s44,s36,s42,s49,,s38,s39,,,s17,r13,,,,,,,,,
63,,,,,,,,,,s47,s48,,,,,,,,,,,,s33,,,,s7,s8,s9,s10,s46,s43,s44,s36,s42,s49,,s38,s39,,,s17,r13,,,,,,,,,
64,,,,,,,,,,,,,,,,,,,,,,,,,,,,,,,,,,,,,,,,,,,r12,,,,,,,,,
65,,,,,,,,,,s47,s48,,,,,,,,,,,,s33,,,,s7,s8,s9,s10,s46,s43,s44,s36,s42,s49,,s38,s39,,,s17,r13,,,,,,,,,
66,,,,,,,,,,r113,r113,,,,,,,,,,,,r113,,,,r113,r113,r113,r113,r113,r113,r113,r113,r113,r113,r113,r113,r113,,,r113,r113,,,,,,,,,r113
67,,,,,,,,,,,,,,,,,,,,,,,,,,,,,,,,,,,,,,,,,,,r114,,,,,,,,,
68,,,,,,,,,,,,,,,,,,,,,,,,,,,,,,,,,,,,,,,,,,,r115,,,,,,,,,
69,,,,,,,,,,,,,,,,,,,,,,,,,,,,,,,,,,,,,,,,,,,r116,,,,,,,,,
70,,,,,,,,,,,,,,,,,,,,,,,,,,,,,,,,,,,,,,,,,,,r117,,,,,,,,,
71,,,,,,,,,,,,,,,,,,,,,,,,,,,,,,,,,,,,,,,,,,,r118,,,,,,,,,
72,,,,,,,,,,,,,,,,,,,,,,,,,,,,,,,,,,,,,,,,,,,r119,,,,,,,,,
73,,,,,,,,,,,,,,,,,,,,,,,,,,,,,,,,,,,,,,,,,,,r120,,,,,,,,,
74,,,,,,,,,,,,,,,,,,,,,,,,,,,,,,,,,,,,,,,,,,,r121,,,,,,,,,
75,,,,,,,,,,,,,,,,,,,,,,,,,,,,,,,,,,,,,,,,,,,r122,,,,,,,,,
76,,,,,,,,,,r102,r102,,,,,,,,,,,,r102,,,,r102,r102,r102,r102,r102,r102,r102,r102,r102,r102,r102,r102,r102,,,r102,r102,,,,,,,,,
77,,,,,,,,,,,,,,,,,,,,,,,,,,,,,,,,,,,,,,,,,,,,,r76,,r76,,,,,
78,,,,,,,,,,,,,,,,,,,,,,,,,,,,,,,,,,,,,,,,,,,,,r75,,r75,,,,,
79,,,,s94,,,,,,s95,s96,,,,,,,,,,,,s97,s99,,,,,,,,,,,,,,,,,,,,s101,,,,,,,,
80,,,,s94,,,,,,s95,s96,,,,,,,,,,,,s131,s99,,s135,,,,,,,,,,,,,,,,,,s101,,,,,,,,
81,,,,s94,,,,,,s95,s96,,,,,,,,,,,,s97,s99,,,,,,,,,,,,,,,,,,,,s101,,,,,,,,
82,,,,s94,,,,,,s95,s96,,,,,,,,,,,,s97,s99,,,,,,,,,,,,,,,,,,,,s101,,,,,,,,
83,,,,s94,,,,,,s95,s96,,,,,,,,,,s144,,s97,s99,s146,s135,,,,,,,,,,,,,,,,,,s145,,,,,,,,
84,,,,,,,,,,r169,r169,,,,,,,,,,,,r169,,,,r169,r169,r169,r169,r169,r169,r169,r169,r169,r169,r169,r169,r169,,,r169,r169,,,,,,,,,
85,,,,,,,,,,r170,r170,,,,,,,,,,,,r170,,,,r170,r170,r170,r170,r170,r170,r170,r170,r170,r170,r170,r170,r170,,,r170,r170,,,,,,,,,
86,,,,,,,,,,r171,r171,,,,,,,,,,,,r171,,,,r171,r171,r171,r171,r171,r171,r171,r171,r171,r171,r171,r171,r171,,,r171,r171,,,,,,,,,
87,,,,,,,,,,,,,,,,,,,,,,,,,,,,,,,,,,,,,,,,,,,,,,,s148,,,,,
88,,,,,,,,,,,,,,,,,,,,,,,,,,,,,,,,,,,,,,,,,,,,,,,s149,,,,,
89,,,,,,,,,,,,,,,,,,,,,,,,,,,,,,,,,,,,,,,,,,,,,,,s150,,,,,
90,,,s152,s151,,,,,,r51,r51,r51,r51,r51,r51,,r51,r51,r51,r51,,,r51,,,,r51,r51,r51,r51,r51,r51,r51,r51,r51,r51,r51,r51,r51,,r51,r51,r51,,r51,r51,r51,,,,r51,
91,,s155,r54,r54,s154,s153,,,,r54,r54,r54,r54,r54,r54,,r54,r54,r54,r54,,,r54,,,,r54,r54,r54,r54,r54,r54,r54,r54,r54,r54,r54,r54,r54,,r54,r54,r54,,r54,r54,r54,,,,r54,
92,,r58,r58,r58,r58,r58,,,,r58,r58,r58,r58,r58,r58,,r58,r58,r58,r58,,,r58,,,,r58,r58,r58,r58,r58,r58,r58,r58,r58,r58,r58,r58,r58,,r58,r58,r58,,r58,r58,r58,,,,r58,
93,,r60,r60,r60,r60,r60,s156,,,r60,r60,r60,r60,r60,r60,,r60,r60,r60,r60,,,r60,,,,r60,r60,r60,r60,r60,r60,r60,r60,r60,r60,r60,r60,r60,,r60,r60,r60,,r60,r60,r60,,,,r60,
94,,,,,,,,,,,,,,,,,,,,,,,s157,,,,,,,,,,,,,,,,,,,,,,,,,,,,,
95,,,,,,,,,,,,,,,,,,,,,,,s158,,,,,,,,,,,,,,,,,,,,,,,,,,,,,
96,,,,,,,,,,,,,,,,,,,,,,,s159,,,,,,,,,,,,,,,,,,,,,,,,,,,,,
97,,r69,r69,r69,r69,r69,r69,,,s162,s163,r69,r69,r69,r69,,r69,r69,r69,r69,,,r69,,,,r69,r69,r69,r69,r69,r69,r69,r69,r69,r69,r69,r69,r69,s161,r69,r69,r69,s160,r69,r69,r69,,,,r69,
98,,r68,r68,r68,r68,r68,r68,,,r68,r68,r68,r68,r68,r68,,r68,r68,r68,r68,,,r68,,,,r68,r68,r68,r68,r68,r68,r68,r68,r68,r68,r68,r68,r68,,r68,r68,r68,,r68,r68,r68,,,,r68,
99,,r70,r70,r70,r70,r70,r70,,,r70,r70,r70,r70,r70,r70,,r70,r70,r70,r70,,,r70,,,,r70,r70,r70,r70,r70,r70,r70,r70,r70,r70,r70,r70,r70,,r70,r70,r70,,r70,r70,r70,,,,r70,
100,,r71,r71,r71,r71,r71,r71,,,r71,r71,r71,r71,r71,r71,,r71,r71,r71,r71,,,r71,,,,r71,r71,r71,r71,r71,r71,r71,r71,r71,r71,r71,r71,r71,,r71,r71,r71,,r71,r71,r71,,,,r71,
101,,,,s94,,,,,,s95,s96,,,,,,,,,,,,s97,s99,,,,,,,,,,,,,,,,,,,,s101,,,,,,,,
102,,,,,,,,,,,,,,,,,,,,,,,s167,,,,s7,s8,s9,s10,,,,,,,,,,,,,,,,,r153,,,,,
103,,,,,,,,,,r78,r78,,,,,,,,,,,,r78,,,,r78,r78,r78,r78,r78,r78,r78,r78,r78,r78,r78,r78,r78,,,r78,r78,,,,,,,,,
104,,,,,,,,,,,,,,,,,,,,,,,s168,,,,,,,,,,,,,,,,,,,,,,,,,,,,,
105,,,,,,,,,,r81,r81,,,,,,,,,,,,r81,,,,r81,r81,r81,r81,r81,r81,r81,r81,r81,r81,r81,r81,r81,,,r81,r81,,,,,,,,,
106,,,,,,,,,,r79,r79,,,,,,,,,,,,r79,,,,r79,r79,r79,r79,r79,r79,r79,r79,r79,r79,r79,r79,r79,,,r79,r79,,,,,,,,,
107,,,,s94,,,,,,s95,s96,,,,,,,,,,,,s97,s99,s169,s135,,,,,,,,,,,,,,,,,,s101,,,,,,,,
108,,,,,,,,,,r84,r84,,,,,,,,,,,,r84,,,,r84,r84,r84,r84,r84,r84,r84,r84,r84,r84,r84,r84,r84,,,r84,r84,,,,,,,,,
109,,,,,,,,,,r16,r16,,,,,,,,,,,,r16,,,,r16,r16,r16,r16,r16,r16,r16,r16,r16,r16,r16,r16,r16,,,r16,r16,,,,,,,,,
110,,,,,,,,,,r15,r15,,,,,,,,,,,,r15,,,,r15,r15,r15,r15,r15,r15,r15,r15,r15,r15,r15,r15,r15,,,r15,r15,,,,,,,,,
111,,,,,,,,,,,,,,,,s178,,,,,,,,,,,,,,,,,,,,,,,,s174,,,,s171,,s175,s177,,,,,
112,,,,,,,,,,r17,r17,,,,,,,,,,,,r17,,,,r17,r17,r17,r17,r17,r17,r17,r17,r17,r17,r17,r17,r17,,,r17,r17,,,,,,,,,
113,,,,,,,,,,,,,,,,,,,,,,,,,,,,,,,,,,,,,,,,,,,,s171,,,,,,,,
114,,,,,,,,,,,,,,,,,,,,,,,,,,,,,,,,,,,,,,,,,,,,,r73,,r73,,,,,
115,,,,,,,,,,,,,,,,,,,,,,,,,,,,,,,,,,,,,,,,,,,,,r74,,r74,,,,,
116,,,,s94,,,,,,s95,s96,,,,,,,,,,s144,,s97,s99,s146,s135,,,,,,,,,,,,,,,,,,s145,,,,,,,,
117,,,,,,,,,,,,,,,,,,,,,,,,,,,,,,,,,,,,,,,,,,r179,,,,,,,,,,
118,,,,,,,,,,,,,,,,,,,,,,,,,,,,,,,,,,,,,,,,,,,,,s182,s181,,,,,,
119,,,,,,,,,,,,,,,,,,,,,,,,,,,r2,r2,r2,r2,r2,,,,,,,,,,,,,,,,,,,,,r2
120,,,,,,,,,,,,,,,,,,,,,,,,,,,,,,,,,,,,,,,,,,,r4,,,,,,,,,
121,,,,,,,,,,,,,,,,,,,,,,,,,,,,,,,,,,,,,,,,,,,r5,,,,,,,,,
122,,,,,,,,,,,,,,,,,,,,,,,,,,,,,,,,,,,,,,,,,,,r6,,,,,,,,,
123,,,,,,,,,,,,,,,,,,,,,,,,,,,,,,,,,,,,,,,,,,,r7,,,,,,,,,
124,,,,,,,,,,,,,,,,,,,,,,,,,,,,,,,,,,,,,,,,,,,r8,,,,,,,,,
125,,,,,,,,,,,,,,,,,,,,,,,,,,,,,,,,,,,,,,,,,,,r9,,,,,,,,,
126,,,,,,,,,,,,,,,,,,,,,,,,,,,,,,,,,,,,,,,,,,,r10,,,,,,,,,
127,,,,,,,,,,,,,,,,,,,,,,,,,,,,,,,,,,,,,,,,,,,r11,,,,,,,,,
128,,,,,,,,,,,,,,,,,,,,,,,,,,,,,,,,,,,,,,,,,,,r124,,,,,,,,,
129,,,s152,s151,,,,,,,,,,,,,,,,,,,,,,,,,,,,,,,,,,,,,s183,,,,,,,,,,,
130,,,,,,,,,,,,,,,,,,,,,,,,,,,,,,,,,,,,,,,,,,,,,,,r105,,,,,
131,,r69,r69,r69,r69,r69,r69,,,s162,s163,,,,,s185,,,,,,,,,,,,,,,,,,,,,,,,s184,,,,s160,,,r69,,,,,
132,,,,,,,,,,,,,,,,,,,,,,,,,,,,,,,,,,,,,,,,,,,,,,,r109,,,,,
133,,,,,,,,,,,,,,,,,,,,,,,,,,,,,,,,,,,,,,,,,,,,,,,r110,,,,,
134,,,,,,,,,,,,r29,r29,r29,r29,,r29,r29,r29,r29,,,,,,,,,,,,,,,,,,,,,,,,,r29,,r29,,,,r29,
135,,,,,,,,,,,,r30,r30,r30,r30,,r30,r30,r30,r30,,,,,,,,,,,,,,,,,,,,,,,,,r30,,r30,,,,r30,
136,,,,,,,,,,r104,r104,,,,,,,,,,,,r104,,,,r104,r104,r104,r104,r104,r104,r104,r104,r104,r104,r104,r104,r104,,,r104,r104,,,,,,,,,
137,,,,,,,,,,r103,r103,,,,,,,,,,,,r103,,,,r103,r103,r103,r103,r103,r103,r103,r103,r103,r103,r103,r103,r103,,,r103,r103,,,,,,,,,
138,,,,,,,,,,,,,,,,,,,,,,,,,,,,,,,,,,,,,,,,,,,,,s186,,,,,,,
139,,,,,,,,,,,,,,,,,,,s187,,,,,,,,,,,,,,,,,,,,,,,,,,r85,,r85,,,,,
140,,,,,,,,,,,,r87,r87,r87,r87,,r87,r87,r87,s188,,,,,,,,,,,,,,,,,,,,,,,,,r87,,r87,,,,,
141,,,,,,,,,,,,r89,r89,r89,r89,,s190,s189,r89,r89,,,,,,,,,,,,,,,,,,,,,,,,,r89,,r89,,,,,
142,,,,,,,,,,,,s194,s193,s192,s191,,r92,r92,r92,r92,,,,,,,,,,,,,,,,,,,,,,,,,r92,,r92,,,,,
143,,,,,,,,,,,,r97,r97,r97,r97,,r97,r97,r97,r97,,,,,,,,,,,,,,,,,,,,,,,,,r97,,r97,,,,,
144,,,,s94,,,,,,s95,s96,,,,,,,,,,s144,,s97,s99,s146,s135,,,,,,,,,,,,,,,,,,s145,,,,,,,,
145,,,,s94,,,,,,s95,s96,,,,,,,,,,s144,,s97,s99,s146,s135,,,,,,,,,,,,,,,,,,s145,,,,,,,,
146,,,,,,,,,,,,r100,r100,r100,r100,,r100,r100,r100,r100,,,,,,,,,,,,,,,,,,,,,,,,,r100,,r100,,,,,
147,,,,,,,,,,,,r101,r101,r101,r101,,r101,r101,r101,r101,,,,,,,,,,,,,,,,,,,,,,,,,r101,,r101,,,,,
148,,,,,,,,,,r172,r172,,,,,,,,,,,,r172,,,,r172,r172,r172,r172,r172,r172,r172,r172,r172,r172,r172,r172,r172,,,r172,r172,,,,,,,,,
149,,,,,,,,,,r173,r173,,,,,,,,,,,,r173,,,,r173,r173,r173,r173,r173,r173,r173,r173,r173,r173,r173,r173,r173,,,r173,r173,,,,,,,,,
150,,,,,,,,,,r174,r174,,,,,,,,,,,,r174,,,,r174,r174,r174,r174,r174,r174,r174,r174,r174,r174,r174,r174,r174,,,r174,r174,,,,,,,,,
151,,,,s94,,,,,,s95,s96,,,,,,,,,,,,s97,s99,,,,,,,,,,,,,,,,,,,,s101,,,,,,,,
152,,,,s94,,,,,,s95,s96,,,,,,,,,,,,s97,s99,,,,,,,,,,,,,,,,,,,,s101,,,,,,,,
153,,,,s94,,,,,,s95,s96,,,,,,,,,,,,s97,s99,,,,,,,,,,,,,,,,,,,,s101,,,,,,,,
154,,,,s94,,,,,,s95,s96,,,,,,,,,,,,s97,s99,,,,,,,,,,,,,,,,,,,,s101,,,,,,,,
155,,,,s94,,,,,,s95,s96,,,,,,,,,,,,s97,s99,,,,,,,,,,,,,,,,,,,,s101,,,,,,,,
156,,,,s94,,,,,,s95,s96,,,,,,,,,,,,s97,s99,,,,,,,,,,,,,,,,,,,,s101,,,,,,,,
157,,r61,r61,r61,r61,r61,r61,,,r61,r61,r61,r61,r61,r61,,r61,r61,r61,r61,,,r61,,,,r61,r61,r61,r61,r61,r61,r61,r61,r61,r61,r61,r61,r61,,r61,r61,r61,,r61,r61,r61,,,,r61,
158,,r62,r62,r62,r62,r62,r62,,,r62,r62,r62,r62,r62,r62,,r62,r62,r62,r62,,,r62,,,,r62,r62,r62,r62,r62,r62,r62,r62,r62,r62,r62,r62,r62,,r62,r62,r62,,r62,r62,r62,,,,r62,
159,,r63,r63,r63,r63,r63,r63,,,r63,r63,r63,r63,r63,r63,,r63,r63,r63,r63,,,r63,,,,r63,r63,r63,r63,r63,r63,r63,r63,r63,r63,r63,r63,r63,,r63,r63,r63,,r63,r63,r63,,,,r63,
160,,,,s94,,,,,,s95,s96,,,,,,,,,,,,s206,s99,,,,,,,s205,,,,,,,,,,,,,s101,,,,,,,,
161,,,,s94,,,,,,s95,s96,,,,,,,,,,,,s97,s99,,,,,,,,,,,,,,,,,,,,s101,,,,,,,,
162,,r65,r65,r65,r65,r65,r65,,,r65,r65,r65,r65,r65,r65,,r65,r65,r65,r65,,,r65,,,,r65,r65,r65,r65,r65,r65,r65,r65,r65,r65,r65,r65,r65,,r65,r65,r65,,r65,r65,r65,,,,r65,
163,,r64,r64,r64,r64,r64,r64,,,r64,r64,r64,r64,r64,r64,,r64,r64,r64,r64,,,r64,,,,r64,r64,r64,r64,r64,r64,r64,r64,r64,r64,r64,r64,r64,,r64,r64,r64,,r64,r64,r64,,,,r64,
164,,,s152,s151,,,,,,,,,,,,,,,,,,,,,,,,,,,,,,,,,,,,,,,,,s209,,,,,,,
165,,,,,,,,,,,,,,,,,,,,,,,,,,,,,,,,,,,,,,,,,,,,,,,s210,,,,,
166,,,,,,,,,,,,,,,,,,,,,,,s211,,,,,,,,,,,,,,,,,,,,,,,,,,,,,
167,,,,,,,,,,,,,,,,s212,,,,,,,,,,,,,,,,,,,,,,,,,,,,,,,,,,,,
168,,,,,,,,,,,,,,,,,,,,,,,,,,,,,,,,,,,,,,,,,,,,,,,s105,,,s104,,
169,,,,,,,,,,,,,,,,,,,,,,,,,,,,,,,,,,,,,,,,,,,,,,,s108,,,,s107,
170,,,,,,,,,,,,,,,,,,,,,,,,,,,,,,,,,,,,,,,,,,,,,,,s108,,,,s107,
171,,,,,,,,,,,,,,,,,,,,,,,,,,,s7,s8,s9,s10,s217,,,,,,,,,,,,,,,,,,,,,
172,,,,,,,,,,r22,r22,,,,,,,,,,,,r22,,,,r22,r22,r22,r22,r22,r22,r22,r22,r22,r22,r22,r22,r22,,,r22,r22,,,,,,,,,
173,,,,,,,,,,r23,r23,,,,,,,,,,,,r23,,,,r23,r23,r23,r23,r23,r23,r23,r23,r23,r23,r23,r23,r23,,,r23,r23,,,,,,,,,
174,,,,s94,,,,,,s95,s96,,,,,,,,,,,,s97,s99,,,,,,,,,,,,,,,,,,,,s101,,,,,,,,
175,,,,,,,,,,,,,,,,,,,,,,,s221,,,,,,,,,,,,,,,,,,,,,,,,,,,,,
176,,,,,,,,,,r26,r26,,,,,,,,,,,,r26,,,,r26,r26,r26,r26,r26,r26,r26,r26,r26,r26,r26,r26,r26,,,r26,r26,,,,,,,,,
177,,,,,,,,,,r27,r27,,,,,,,,,,,,r27,,,,r27,r27,r27,r27,r27,r27,r27,r27,r27,r27,r27,r27,r27,,,r27,r27,,,,,,,,,
178,,,,s94,,,,,,s95,s96,,,,,,,,,,,,s97,s99,,s135,,,,,,,,,,,,,,,,,,s101,,,,,,,,
179,,,,,,,,,,,,,,,,,,,,,,,,,,,,,,,,,,,,,,,,,,,,,s223,,,,,,,
180,,,,,,,,,,,,,,,,,,,,,,,,,,,,,,,,,,,,,,,,,,r180,,,,,,,,,,
181,,,,,,,,,,,,,,,,,,,,,,,,,,,s7,s8,s9,s10,,,,,,,,,,,,,,,,,,,,,,
182,,,,,,,,,,,,,,,,,,,,,,,,,,,,,,,,,,,,,,,,,,r182,,,,,,,,,,
183,,,,,,,,,,,,,,,,s225,,,,,,,,,,,,,,,,,,,,,,,,,,,,,,,,,,,,
184,,,,s94,,,,,,s95,s96,,,,,,,,,,,,s97,s99,,,,,,,,,,,,,,,,,,,,s101,,,,,,,,
185,,,,s94,,,,,,s95,s96,,,,,,,,,,,,s131,s99,,s135,,,,,,,,,,,,,,,,,,s101,,,,,,,,
186,,,,,,,,,,s47,s48,,,,,,,,,,,,s33,,,,s7,s8,s9,s10,s46,s43,s44,,s42,s49,,s38,s39,,,s17,,,,,,,,,,
187,,,,s94,,,,,,s95,s96,,,,,,,,,,s144,,s97,s99,s146,s135,,,,,,,,,,,,,,,,,,s145,,,,,,,,
188,,,,s94,,,,,,s95,s96,,,,,,,,,,s144,,s97,s99,s146,s135,,,,,,,,,,,,,,,,,,s145,,,,,,,,
189,,,,s94,,,,,,s95,s96,,,,,,,,,,s144,,s97,s99,s146,s135,,,,,,,,,,,,,,,,,,s145,,,,,,,,
190,,,,s94,,,,,,s95,s96,,,,,,,,,,s144,,s97,s99,s146,s135,,,,,,,,,,,,,,,,,,s145,,,,,,,,
191,,,,s94,,,,,,s95,s96,,,,,,,,,,,,s97,s99,s146,s135,,,,,,,,,,,,,,,,,,s145,,,,,,,,
192,,,,s94,,,,,,s95,s96,,,,,,,,,,,,s97,s99,s146,s135,,,,,,,,,,,,,,,,,,s145,,,,,,,,
193,,,,s94,,,,,,s95,s96,,,,,,,,,,,,s97,s99,s146,s135,,,,,,,,,,,,,,,,,,s145,,,,,,,,
194,,,,s94,,,,,,s95,s96,,,,,,,,,,,,s97,s99,s146,s135,,,,,,,,,,,,,,,,,,s145,,,,,,,,
195,,,,,,,,,,,,r98,r98,r98,r98,,r98,r98,s187,r98,,,,,,,,,,,,,,,,,,,,,,,,,r98,,r98,,,,,
196,,,s152,s151,,,,,,,,r51,r51,r51,r51,,r51,r51,r51,r51,,,,,,,,,,,,,,,,,,,,,,,,,s209,,,,,,,
197,,,,,,,,,,,,,,,,,,,s187,,,,,,,,,,,,,,,,,,,,,,,,,,s246,,,,,,,
198,,s155,r53,r53,s154,s153,,,,r53,r53,r53,r53,r53,r53,,r53,r53,r53,r53,,,r53,,,,r53,r53,r53,r53,r53,r53,r53,r53,r53,r53,r53,r53,r53,,r53,r53,r53,,r53,r53,r53,,,,r53,
199,,s155,r52,r52,s154,s153,,,,r52,r52,r52,r52,r52,r52,,r52,r52,r52,r52,,,r52,,,,r52,r52,r52,r52,r52,r52,r52,r52,r52,r52,r52,r52,r52,,r52,r52,r52,,r52,r52,r52,,,,r52,
200,,r57,r57,r57,r57,r57,,,,r57,r57,r57,r57,r57,r57,,r57,r57,r57,r57,,,r57,,,,r57,r57,r57,r57,r57,r57,r57,r57,r57,r57,r57,r57,r57,,r57,r57,r57,,r57,r57,r57,,,,r57,
201,,r56,r56,r56,r56,r56,,,,r56,r56,r56,r56,r56,r56,,r56,r56,r56,r56,,,r56,,,,r56,r56,r56,r56,r56,r56,r56,r56,r56,r56,r56,r56,r56,,r56,r56,r56,,r56,r56,r56,,,,r56,
202,,r55,r55,r55,r55,r55,,,,r55,r55,r55,r55,r55,r55,,r55,r55,r55,r55,,,r55,,,,r55,r55,r55,r55,r55,r55,r55,r55,r55,r55,r55,r55,r55,,r55,r55,r55,,r55,r55,r55,,,,r55,
203,,r59,r59,r59,r59,r59,,,,r59,r59,r59,r59,r59,r59,,r59,r59,r59,r59,,,r59,,,,r59,r59,r59,r59,r59,r59,r59,r59,r59,r59,r59,r59,r59,,r59,r59,r59,,r59,r59,r59,,,,r59,
204,,r67,r67,r67,r67,r67,r67,,,r67,r67,r67,r67,r67,r67,,r67,r67,r67,r67,,,r67,,,,r67,r67,r67,r67,r67,r67,r67,r67,r67,r67,r67,r67,r67,,r67,r67,r67,,r67,r67,r67,,,,r67,
205,,,,,,,,,,,,,,,,,,,,,,,,,,,,,,,,,,,,,,,,,,,,,s247,,,,,,,
206,,r69,r69,r69,r69,r69,r69,,,s162,s163,,,,,,,,,,,,,,,,,,,,,,,,,,,,,s161,,,,s160,s250,s249,,,,,,
207,,,,,,,,,,,,,,,,,,,,,,,,,,,,,,,,,,,,,,,,,,,,,s250,s249,,,,,,
208,,,s152,s151,,,,,,,,,,,,,,,,,,,,,,,,,,,,,,,,,,,,,s252,,,,,,,,,,,
209,,r72,r72,r72,r72,r72,r72,,,r72,r72,r72,r72,r72,r72,,r72,r72,r72,r72,,,r72,,,,r72,r72,r72,r72,r72,r72,r72,r72,r72,r72,r72,r72,r72,,r72,r72,r72,,r72,r72,r72,,,,r72,
210,,,,s94,,,,,,s95,s96,,,,,,,,,,s144,,s97,s99,s146,s135,,,,,,,,,,,,,,,,,,s145,,,r155,,,,,
211,,,,,,,,,,,,,,,,s255,,,,,,,,,,,,,,,,,,,,,,,,,,,,,,,,,,,,
212,,,,s94,,,,,,s95,s96,,,,,,,,,,,,s97,s99,,,,,,,,,,,,,,,,,,,,s101,,,,,,,,
213,,,,,,,,,,r80,r80,,,,,,,,,,,,r80,,,,r80,r80,r80,r80,r80,r80,r80,r80,r80,r80,r80,r80,r80,,,r80,r80,,,,,,,,,
214,,,,,,,,,,r83,r83,,,,,,,,,,,,r83,,,,r83,r83,r83,r83,r83,r83,r83,r83,r83,r83,r83,r83,r83,,,r83,r83,,,,,,,,,
215,,,,,,,,,,r82,r82,,,,,,,,,,,,r82,,,,r82,r82,r82,r82,r82,r82,r82,r82,r82,r82,r82,r82,r82,,,r82,r82,,,,,,,,,
216,,,,,,,,,,r46,r46,,,,,,,,,,,,r46,,,,r46,r46,r46,r46,r46,r46,r46,r46,r46,r46,r46,r46,r46,,,r46,r46,,,,,,,,,
217,,,,,,,,,,,,,,,,,,,,,,,,,,,,,,,,,,,,,,,,,,,,,s257,,,,,,,
218,,,,,,,,,,,,,,,,,,,,,,,,,,,,,,,,,,,,,,,,,,,,,s260,s259,,,,,,
219,,,,,,,,,,,,,,,,,,,,,,,,,,,,,,,,,,,,,,,,,s261,,,,,,,,,,,
220,,,,,,,,,,,,,,,,,,,,,,,,,,,,,,,,,,,,,,,,,r37,,,,,,,,,,,
221,,,,,,,,,,,,,,,,s178,,,,,,,,,,,,,,,,,,,,,,,,,,,,,,s175,s177,,,,,
222,,,,,,,,,,,,,,,,,,,,,,,,,,,,,,,,,,,,,,,,,,,,,,,s263,,,,,
223,,,,,,,,,,s47,s48,,,,,,,,,,,,s33,,,,s7,s8,s9,s10,s46,s43,s44,s36,s42,s49,,s38,s39,,,s17,,,,,,,,,,
224,,,,,,,,,,,,,,,,,,,,,,,s275,,,,,,,,,,,,,,,,,,,,,,,,,,,,,
225,,,,s94,,,,,,s95,s96,,,,,,,,,,,,s131,s99,,s135,,,,,,,,,,,,,,,,,,s101,,,,,,,,
226,,,s152,s151,,,,,,,,,,,,,,,,,,,,,,,,,,,,,,,,,,,,,s277,,,,,,,,,,,
227,,,,,,,,,,,,,,,,,,,,,,,,,,,,,,,,,,,,,,,,,,,,,,,r107,,,,,
228,,,,,,,,,,r125,r125,,,,,,,,,,,,r125,,,,r125,r125,r125,r125,r125,r125,r125,r125,r125,r125,r125,r125,r125,,,r125,r125,,,,,,,,,
229,,,,,,,,,,r126,r126,,,,,,,,,,,,r126,,,,r126,r126,r126,r126,r126,r126,r126,r126,r126,r126,r126,r126,r126,,,r126,r126,,,,,,,,,
230,,,,,,,,,,r127,r127,,,,,,,,,,,,r127,,,,r127,r127,r127,r127,r127,r127,r127,r127,r127,r127,r127,r127,r127,,,r127,r127,,,,,,,,,
231,,,,,,,,,,r128,r128,,,,,,,,,,,,r128,,,,r128,r128,r128,r128,r128,r128,r128,r128,r128,r128,r128,r128,r128,,,r128,r128,,,,,,,,,
232,,,,,,,,,,r129,r129,,,,,,,,,,,,r129,,,,r129,r129,r129,r129,r129,r129,r129,r129,r129,r129,r129,r129,r129,,,r129,r129,,,,,,,,,
233,,,,,,,,,,r130,r130,,,,,,,,,,,,r130,,,,r130,r130,r130,r130,r130,r130,r130,r130,r130,r130,r130,r130,r130,,,r130,r130,,,,,,,,,
234,,,,,,,,,,r131,r131,,,,,,,,,,,,r131,,,,r131,r131,r131,r131,r131,r131,r131,r131,r131,r131,r131,r131,r131,,,r131,r131,,,,,,,,,
235,,,,,,,,,,r132,r132,,,,,,,,,,,,r132,,,,r132,r132,r132,r132,r132,r132,r132,r132,r132,r132,r132,r132,r132,,,r132,r132,,,,,,,,,
236,,,,,,,,,,r133,r133,,,,,,,,,,,,r133,,,,r133,r133,r133,r133,r133,r133,r133,r133,r133,r133,r133,r133,r133,,,r133,r133,,,,,,,,,
237,,,,,,,,,,r134,r134,,,,,,,,,,,,r134,,,,r134,r134,r134,r134,r134,r134,r134,r134,r134,r134,r134,r134,r134,,,r134,r134,,,,,,,,,
238,,,,,,,,,,,,r86,r86,r86,r86,,r86,r86,r86,s188,,,,,,,,,,,,,,,,,,,,,,,,,r86,,r86,,,,,
239,,,,,,,,,,,,r88,r88,r88,r88,,s190,s189,r88,r88,,,,,,,,,,,,,,,,,,,,,,,,,r88,,r88,,,,,
240,,,,,,,,,,,,s194,s193,s192,s191,,r91,r91,r91,r91,,,,,,,,,,,,,,,,,,,,,,,,,r91,,r91,,,,,
241,,,,,,,,,,,,s194,s193,s192,s191,,r90,r90,r90,r90,,,,,,,,,,,,,,,,,,,,,,,,,r90,,r90,,,,,
242,,,,,,,,,,,,r96,r96,r96,r96,,r96,r96,r96,r96,,,,,,,,,,,,,,,,,,,,,,,,,r96,,r96,,,,,
243,,,,,,,,,,,,r95,r95,r95,r95,,r95,r95,r95,r95,,,,,,,,,,,,,,,,,,,,,,,,,r95,,r95,,,,,
244,,,,,,,,,,,,r94,r94,r94,r94,,r94,r94,r94,r94,,,,,,,,,,,,,,,,,,,,,,,,,r94,,r94,,,,,
245,,,,,,,,,,,,r93,r93,r93,r93,,r93,r93,r93,r93,,,,,,,,,,,,,,,,,,,,,,,,,r93,,r93,,,,,
246,,,,,,,,,,,,r99,r99,r99,r99,,r99,r99,r99,r99,,,,,,,,,,,,,,,,,,,,,,,,,r99,,r99,,,,,
247,,r31,r31,r31,r31,r31,r31,,,r31,r31,r31,r31,r31,r31,,r31,r31,r31,r31,,,r31,,,,r31,r31,r31,r31,r31,r31,r31,r31,r31,r31,r31,r31,r31,,r31,r31,r31,,r31,r31,r31,,,,r31,
248,,r32,r32,r32,r32,r32,r32,,,r32,r32,r32,r32,r32,r32,,r32,r32,r32,r32,,,r32,,,,r32,r32,r32,r32,r32,r32,r32,r32,r32,r32,r32,r32,r32,,r32,r32,r32,,r32,r32,r32,,,,r32,
249,,,,s94,,,,,,s95,s96,,,,,,,,,,,,s279,s99,,,,,,,,,,,,,,,,,,,,s101,,,,,,,,
250,,r36,r36,r36,r36,r36,r36,,,r36,r36,r36,r36,r36,r36,,r36,r36,r36,r36,,,r36,,,,r36,r36,r36,r36,r36,r36,r36,r36,r36,r36,r36,r36,r36,,r36,r36,r36,,r36,r36,r36,,,,r36,
251,,r33,r33,r33,r33,r33,r33,,,r33,r33,r33,r33,r33,r33,,r33,r33,r33,r33,,,r33,,,,r33,r33,r33,r33,r33,r33,r33,r33,r33,r33,r33,r33,r33,,r33,r33,r33,,r33,r33,r33,,,,r33,
252,,r66,r66,r66,r66,r66,r66,,,r66,r66,r66,r66,r66,r66,,r66,r66,r66,r66,,,r66,,,,r66,r66,r66,r66,r66,r66,r66,r66,r66,r66,r66,r66,r66,,r66,r66,r66,,r66,r66,r66,,,,r66,
253,,,,,,,,,,,,,,,,,,,,,,,,,,,,,,,,,,,,,,,,,,,,,,,s280,,,,,
254,,,,,,,,,,,,,,,,,,,,,,,,,,,,,,,,,,,,,,,,,,,,,,,r154,,,,,
255,,,,s94,,,,,,s95,s96,,,,,,,,,,,,s97,s99,,,,,,,,,,,,,,,,,,,,s101,,,,,,,,
256,,,,,,,,,,,,,,,,,,,,,,,,,,,,,,,,,,,,,,,,,,,,,,,r152,,,,,
257,,,,,,,,,,,,,,,,,,,,,,,,,,,,,,,,,,,,,,,,,,,,,,,s282,,,,,
258,,,,,,,,,,r48,r48,,,,,,,,,,,,r48,,,,r48,r48,r48,r48,r48,r48,r48,r48,r48,r48,r48,r48,r48,,,r48,r48,,,,,,,,,
259,,,,,,,,,,,,,,,,,,,,,,,,,,,s7,s8,s9,s10,,,,,,,,,,,,,,,,,,,,,,
260,,,,,,,,,,,,,,,,,,,,,,,,,,,,,,,,,,,,,,,,,,,,,,,s284,,,,,
261,,,,,,,,,,,,,,,,s287,,,,,,,,,,,,,,,,,,,,,,,,,,,,,,,s286,,,,,
262,,,,,,,,,,r25,r25,,,,,,,,,,,,r25,,,,r25,r25,r25,r25,r25,r25,r25,r25,r25,r25,r25,r25,r25,,,r25,r25,,,,,,,,,
263,,,,,,,,,,r28,r28,,,,,,,,,,,,r28,,,,r28,r28,r28,r28,r28,r28,r28,r28,r28,r28,r28,r28,r28,,,r28,r28,,,,,,,,,
264,,,,,,,,,,r148,r148,,,,,,,,,,,,r148,,,,r148,r148,r148,r148,r148,r148,r148,r148,r148,r148,s288,r148,r148,,,r148,r148,,,,,,,,,
265,,,,,,,,,,r147,r147,,,,,,,,,,,,r147,,,,r147,r147,r147,r147,r147,r147,r147,r147,r147,r147,r147,r147,r147,,,r147,r147,,,,,,,,,
266,,,,,,,,,,r138,r138,,,,,,,,,,,,r138,,,,r138,r138,r138,r138,r138,r138,r138,r138,r138,r138,r138,r138,r138,,,r138,r138,,,,,,,,,
267,,,,,,,,,,r139,r139,,,,,,,,,,,,r139,,,,r139,r139,r139,r139,r139,r139,r139,r139,r139,r139,r139,r139,r139,,,r139,r139,,,,,,,,,
268,,,,,,,,,,r140,r140,,,,,,,,,,,,r140,,,,r140,r140,r140,r140,r140,r140,r140,r140,r140,r140,r140,r140,r140,,,r140,r140,,,,,,,,,
269,,,,,,,,,,r141,r141,,,,,,,,,,,,r141,,,,r141,r141,r141,r141,r141,r141,r141,r141,r141,r141,r141,r141,r141,,,r141,r141,,,,,,,,,
270,,,,,,,,,,r142,r142,,,,,,,,,,,,r142,,,,r142,r142,r142,r142,r142,r142,r142,r142,r142,r142,r142,r142,r142,,,r142,r142,,,,,,,,,
271,,,,,,,,,,r143,r143,,,,,,,,,,,,r143,,,,r143,r143,r143,r143,r143,r143,r143,r143,r143,r143,r143,r143,r143,,,r143,r143,,,,,,,,,
272,,,,,,,,,,r144,r144,,,,,,,,,,,,r144,,,,r144,r144,r144,r144,r144,r144,r144,r144,r144,r144,r144,r144,r144,,,r144,r144,,,,,,,,,
273,,,,,,,,,,r145,r145,,,,,,,,,,,,r145,,,,r145,r145,r145,r145,r145,r145,r145,r145,r145,r145,r145,r145,r145,,,r145,r145,,,,,,,,,
274,,,,,,,,,,r146,r146,,,,,,,,,,,,r146,,,,r146,r146,r146,r146,r146,r146,r146,r146,r146,r146,r146,r146,r146,,,r146,r146,,,,,,,,,
275,,,,,,,,,,,,,,,,,,,,,,,,,,,,,,,,,,,,,,,,,,,,,s182,s181,,,,,,
276,,,,,,,,,,,,,,,,,,,,,,,,,,,,,,,,,,,,,,,,,,,,,,,r106,,,,,
277,,r66,r66,r66,r66,r66,r66,,,,,,,,,s290,,,,,,,,,,,,,,,,,,,,,,,,,,,,,,,r66,,,,,
278,,,,,,,,,,,,,,,,,,,,,,,,,,,,,,,,,,,,,,,,,,,,,s250,s249,,,,,,
279,,r69,r69,r69,r69,r69,r69,,,s162,s163,,,,,,,,,,,,,,,,,,,,,,,,,,,,,s161,,,,s160,s250,s249,,,,,,
280,,,,,,,,,,s47,s48,,,,,,,,,,,,s294,,,,,,,,,,,,,,,,,,,,,,r159,,,,,,,
281,,,,,,,,,,,,,,,,,,,,,,,,,,,,,,,,,,,,,,,,,,,,,,,r151,,,,,
282,,,,,,,,,,r47,r47,,,,,,,,,,,,r47,,,,r47,r47,r47,r47,r47,r47,r47,r47,r47,r47,r47,r47,r47,,,r47,r47,,,,,,,,,
283,,,,,,,,,,,,,,,,,,,,,,,,,,,,,,,,,,,,,,,,,,,,,s260,s259,,,,,,
284,,,,,,,,,,r50,r50,,,,,,,,,,,,r50,,,,r50,r50,r50,r50,r50,r50,r50,r50,r50,r50,r50,r50,r50,,,r50,r50,,,,,,,,,
285,,,,,,,,,,r24,r24,,,,,,,,,,,,r24,,,,r24,r24,r24,r24,r24,r24,r24,r24,r24,r24,r24,r24,r24,,,r24,r24,,,,,,,,,
286,,,,,,,,,,r38,r38,,,,,,,,,,,,r38,,,,r38,r38,r38,r38,r38,r38,r38,r38,r38,r38,r38,r38,r38,,,r38,r38,,,,,,,,,
287,,,,,,,,,,,,,,,,,,,,,,,,,s299,,,,,,,,,,,,,,,,,s298,,,,,,,,,,
288,,,,,,,,,,s47,s48,,,,,,,,,,,,s33,,,,s7,s8,s9,s10,s46,s43,s44,s36,s42,s49,,s38,s39,,,s17,,,,,,,,,,
289,,,,,,,,,,,,,,,,,,,,,,,,,,,,,,,,,,,,,,,,,,r181,,,,,,,,,,
290,,,,s94,,,,,,s95,s96,,,,,,,,,,,,s131,s99,,s135,,,,,,,,,,,,,,,,,,s101,,,,,,,,
291,,r35,r35,r35,r35,r35,r35,,,r35,r35,r35,r35,r35,r35,,r35,r35,r35,r35,,,r35,,,,r35,r35,r35,r35,r35,r35,r35,r35,r35,r35,r35,r35,r35,,r35,r35,r35,,r35,r35,r35,,,,r35,
292,,r34,r34,r34,r34,r34,r34,,,r34,r34,r34,r34,r34,r34,,r34,r34,r34,r34,,,r34,,,,r34,r34,r34,r34,r34,r34,r34,r34,r34,r34,r34,r34,r34,,r34,r34,r34,,r34,r34,r34,,,,r34,
293,,,,,,,,,,,,,,,,,,,,,,,,,,,,,,,,,,,,,,,,,,,,,s303,,,,,,,
294,,,,,,,,s305,s304,s77,s78,,,,,s306,,,,,,,,,,,,,,,,,,,,,,,,,,,,,,,,,,,,
295,,,,,,,,,,,,,,,,,,,,,,,,,,,,,,,,,,,,,,,,,,,,,r157,,,,,,,
296,,,,,,,,,,,,,,,,,,,,,,,,,,,,,,,,,,,,,,,,,,,,,r158,,,,,,,
297,,,,,,,,,,r49,r49,,,,,,,,,,,,r49,,,,r49,r49,r49,r49,r49,r49,r49,r49,r49,r49,r49,r49,r49,,,r49,r49,,,,,,,,,
298,,,,,,,,,,,,,,,,,,,,,,,s308,s309,,,,,,,,,,,,,,,,,,,,,,,,,,,,
299,,,,,,,,,,,,,,,,,,,,,,,,,,,,,,,,,,,,,,,,,,,,,,,s310,,,,,
300,,,,,,,,,,r137,r137,,,,,,,,,,,,r137,,,,r137,r137,r137,r137,r137,r137,r137,r137,r137,r137,r137,r137,r137,,,r137,r137,,,,,,,,,
301,,,,,,,,,,r149,r149,,,,,,,,,,,,r149,,,,r149,r149,r149,r149,r149,r149,r149,r149,r149,r149,r149,r149,r149,,,r149,r149,,,,,,,,,
302,,,,,,,,,,,,,,,,,,,,,,,,,,,,,,,,,,,,,,,,,,,,,,,r108,,,,,
303,,,,,,,,,,s47,s48,,,,,,,,,,,,s33,,,,s7,s8,s9,s10,s46,s43,s44,s36,s42,s49,,s38,s39,,,s17,,,,,,,,,,
304,,,,s94,,,,,,s95,s96,,,,,,,,,,,,s97,s99,,,,,,,,,,,,,,,,,,,,s101,,,,,,,,
305,,,,s94,,,,,,s95,s96,,,,,,,,,,,,s97,s99,,,,,,,,,,,,,,,,,,,,s101,,,,,,,,
306,,,,s94,,,,,,s95,s96,,,,,,,,,,,,s97,s99,,,,,,,,,,,,,,,,,,,,s101,,,,,,,,
307,,,,,,,,,,r40,r40,,,,,,,,,,,,r40,,,,r40,r40,r40,r40,r40,r40,r40,r40,r40,r40,r40,r40,r40,,,r40,r40,,,,,,,,,
308,,,,,,,,,,,,,,,,,,,,,,,,,,,,,,,,,,,,,,,,,,,s326,,,s325,,,,,,
309,,,,,,,,,,,,,,,,,,,,,,,,,,,,,,,,,,,,,,,,,,,s326,,,s325,,,,,,
310,,,,,,,,,,r39,r39,,,,,,,,,,,,r39,,,,r39,r39,r39,r39,r39,r39,r39,r39,r39,r39,r39,r39,r39,,,r39,r39,,,,,,,,,
311,,,,,,,,,,r150,r150,,,,,,,,,,,,r150,,,,r150,r150,r150,r150,r150,r150,r150,r150,r150,r150,r150,r150,r150,,,r150,r150,,,,,,,,,
312,,,,,,,,,,r160,r160,,,,,,,,,,,,r160,,,,r160,r160,r160,r160,r160,r160,r160,r160,r160,r160,r160,r160,r160,,,r160,r160,,,,,,,,,
313,,,,,,,,,,r161,r161,,,,,,,,,,,,r161,,,,r161,r161,r161,r161,r161,r161,r161,r161,r161,r161,r161,r161,r161,,,r161,r161,,,,,,,,,
314,,,,,,,,,,r162,r162,,,,,,,,,,,,r162,,,,r162,r162,r162,r162,r162,r162,r162,r162,r162,r162,r162,r162,r162,,,r162,r162,,,,,,,,,
315,,,,,,,,,,r163,r163,,,,,,,,,,,,r163,,,,r163,r163,r163,r163,r163,r163,r163,r163,r163,r163,r163,r163,r163,,,r163,r163,,,,,,,,,
316,,,,,,,,,,r164,r164,,,,,,,,,,,,r164,,,,r164,r164,r164,r164,r164,r164,r164,r164,r164,r164,r164,r164,r164,,,r164,r164,,,,,,,,,
317,,,,,,,,,,r165,r165,,,,,,,,,,,,r165,,,,r165,r165,r165,r165,r165,r165,r165,r165,r165,r165,r165,r165,r165,,,r165,r165,,,,,,,,,
318,,,,,,,,,,r166,r166,,,,,,,,,,,,r166,,,,r166,r166,r166,r166,r166,r166,r166,r166,r166,r166,r166,r166,r166,,,r166,r166,,,,,,,,,
319,,,,,,,,,,r167,r167,,,,,,,,,,,,r167,,,,r167,r167,r167,r167,r167,r167,r167,r167,r167,r167,r167,r167,r167,,,r167,r167,,,,,,,,,
320,,,,,,,,,,r168,r168,,,,,,,,,,,,r168,,,,r168,r168,r168,r168,r168,r168,r168,r168,r168,r168,r168,r168,r168,,,r168,r168,,,,,,,,,
321,,,,,,,,,,,,,,,,,,,,,,,,,,,,,,,,,,,,,,,,,,,,,r112,,,,,,,
322,,,,,,,,,,,,,,,,,,,,,,,,,,,,,,,,,,,,,,,,,,,,,r111,,,,,,,
323,,,,,,,,,,,,,,,,,,,,,,,,,,,,,,,,,,,,,,,,,,,,,r156,,,,,,,
324,,,,,,,,,,r41,r41,,,,,,,,,,,,r41,,,,r41,r41,r41,r41,r41,r41,r41,r41,r41,r41,r41,r41,r41,,,r41,r41,,,,,,,,,
325,,,,,,,,,,,,,,,,,,,,,,,s329,s328,,,,,,,,,,,,,,,,,,,,,,,,,,,,
326,,,,,,,,,,,,,,,,,,,,,,,,,,,,,,,,,,,,,,,,,,,,,,,s330,,,,,
327,,,,,,,,,,r42,r42,,,,,,,,,,,,r42,,,,r42,r42,r42,r42,r42,r42,r42,r42,r42,r42,r42,r42,r42,,,r42,r42,,,,,,,,,
328,,,,,,,,,,,,,,,,,,,,,,,,,,,,,,,,,,,,,,,,,,,s326,,,s325,,,,,,
329,,,,,,,,,,,,,,,,,,,,,,,,,,,,,,,,,,,,,,,,,,,s326,,,s325,,,,,,
330,,,,,,,,,,r45,r45,,,,,,,,,,,,r45,,,,r45,r45,r45,r45,r45,r45,r45,r45,r45,r45,r45,r45,r45,,,r45,r45,,,,,,,,,
331,,,,,,,,,,r44,r44,,,,,,,,,,,,r44,,,,r44,r44,r44,r44,r44,r44,r44,r44,r44,r44,r44,r44,r44,,,r44,r44,,,,,,,,,
332,,,,,,,,,,r43,r43,,,,,,,,,,,,r43,,,,r43,r43,r43,r43,r43,r43,r43,r43,r43,r43,r43,r43,r43,,,r43,r43,,,,,,,,,
